--DEPARTMENT
SET IDENTITY_INSERT [dbo].[department] ON;

INSERT INTO [dbo].[department] ([department_id], [department_code], [department_name], [lecturers_id])
VALUES
    (1, N'100000', N'PHÂN HIỆU ĐẠI HỌC HUẾ TẠI QUẢNG TRỊ', 1),
    (2, N'110000', N'KHOA GIÁO DỤC THỂ CHẤT', 2),
    (3, N'120000', N'KHOA DU LỊCH', 3),
    (4, N'130000', N'TRƯỜNG ĐẠI HỌC LUẬT', 4),
    (5, N'140000', N'VIỆN TÀI NGUYÊN MÔI TRƯỜNG VÀ CÔNG NGHỆ SINH HỌC', 5),
    (6, N'150000', N'TRUNG TÂM ĐÀO TẠO TỪ XA', 1),
    (7, N'160000', N'TRUNG TÂM HỌC LIỆU', 2),
    (8, N'170000', N'TRUNG TÂM GIÁO DỤC QUỐC PHÒNG', 2),
    (9, N'180000', N'TRUNG TÂM PHỤC VỤ SINH VIÊN', 2),
    (10, N'190000', N'TRUNG TÂM ĐÀO TẠO QUỐC TẾ', 1),
    (11, N'200000', N'CƠ QUAN ĐẠI HỌC HUẾ', 1),
    (12, N'300000', N'TRƯỜNG ĐẠI HỌC KHOA HỌC', 1),
    (13, N'300100', N'Ban Giám hiệu', 3),
    (14, N'DHT26', N'Tổ Quảng bá tuyển sinh', 3),
    (15, N'300200', N'Phòng Tổ chức - Hành chính', 3),
    (16, N'300300', N'Phòng Đào tạo Đại học', 4),
    (17, N'300301', N'Phòng Công tác học sinh - sinh viên', 4),
    (18, N'300302', N'Phòng Đào tạo đại học và Công tác sinh viên', 5),
    (19, N'300400', N'Phòng Đào tạo Sau đại học', 5),
    (20, N'300500', N'Phòng Kế hoạch tài chính - Cơ sở vật chất', 5),
    (21, N'300600', N'Phòng Khảo thí - Đảm bảo chất lượng Giáo dục',1),
    (22, N'300700', N'Phòng Khoa học công nghệ - Hợp tác quốc tế', 3),
    (23, N'300800', N'Khoa Báo chí - Truyền thông',2),
    (24, N'300900', N'Khoa Địa lý - Địa chất',1),
    (25, N'301000', N'Khoa Công nghệ thông tin',3),
    (26, N'301100', N'Khoa Hóa học',4),
    (27, N'301200', N'Khoa Kiến trúc',5),
    (28, N'301300', N'Khoa Lịch sử',3),
    (29, N'301400', N'Khoa Lý luận chính trị',4),
    (30, N'301500', N'Khoa Môi trường',3),
    (31, N'301600', N'Khoa Ngữ văn',3),
    (32, N'301700', N'Khoa Sinh học',5),
    (33, N'301800', N'Khoa Toán học',2),
    (34, N'301900', N'Khoa Vật lý',2),
    (35, N'301903', N'Khoa Điện tử - Viễn thông',2),
    (36, N'301904', N'Khoa Công tác xã hội',1),
    (37, N'301905', N'Khoa Điện, Điện tử và Công nghệ vật liệu',4),
    (38, N'301906', N'Khoa Xã hội học và Công tác xã hội',4),
    (39, N'301907', N'Trường THPT Chuyên Khoa học Huế',5),
    (40, N'302000', N'Khoa Xã hội học',2),
    (41, N'302100', N'Trung tâm Khoa học xã hội và Nhân văn',2),
    (42, N'302200', N'Trung tâm Nghiên cứu quản lý & Phát triển vùng duyên hải',3),
    (43, N'302300', N'Trung tâm Thông tin - Thư viện',4),
    (44, N'302400', N'Trung tâm Phân tích',5),
    (45, N'302500', N'Trung tâm Tin học',5),
    (46, N'302600', N'Trung tâm tư vấn Kiến trúc và Ứng dụng địa chất',5),
    (47, N'309900', N'Thỉnh giảng',5),
    (48, N'309901', N'Thỉnh giảng (cơ sở liên kết)',4),
    (49, N'400000', N'TRƯỜNG ĐẠI HỌC SƯ PHẠM',3),
    (50, N'500000', N'TRƯỜNG ĐẠI HỌC Y DƯỢC',2),
    (51, N'600000', N'TRƯỜNG ĐẠI HỌC NÔNG LÂM',5),
    (52, N'700000', N'TRƯỜNG ĐẠI HỌC NGHỆ THUẬT',1),
    (53, N'800000', N'TRƯỜNG ĐẠI HỌC KINH TẾ',1),
    (54, N'900000', N'TRƯỜNG ĐẠI HỌC NGOẠI NGỮ',4);
SET IDENTITY_INSERT [dbo].[department] OFF;
--Lecturers
SET IDENTITY_INSERT [dbo].[lecturers] ON 
INSERT [dbo].[lecturers] ( [lecturers_id], [email], [first_name], [last_name], [lecturers_code], [password], [roles]) VALUES ( 1, N'ttluong@edu.vn', N'Lương', N'Trần Thanh', N'GV001', N'$2a$10$MHG5tCOV1OtKm5ao0EpooOyExcfwlM3H/ksCbAvW7HjjPIVVllb2a', N'["USER","ADMIN"]')
INSERT [dbo].[lecturers] ([lecturers_id], [email], [first_name], [last_name], [lecturers_code], [password], [roles]) VALUES ( 2, N'tntruong@edu.vn', N'Trường', N'Thái Nhật', N'GV002', N'$2a$10$AFz2sXaZmU5MhwgIOtIhLuup1GOy6AxBrCKD1jqAZwNhTiV4.E1V.', N'["USER","ADMIN"]')
INSERT [dbo].[lecturers] ( [lecturers_id], [email], [first_name], [last_name], [lecturers_code], [password], [roles]) VALUES ( 3, N'hha@edu.vn', N'Hà', N'Hoàng', N'GV003', N'$2a$10$FU2yBivjMaFFQ8Yfl/wIyOEbPgFnsVho2OBX0KLTriqs90he.Jlgu', N'["USER","ADMIN"]')
INSERT [dbo].[lecturers] ( [lecturers_id], [email], [first_name], [last_name], [lecturers_code], [password], [roles]) VALUES ( 4, N'ndung@edu.vn', N'Dũng', N'Nguyễn', N'GV004', N'$2a$10$U4BCvAMdpIZ8QN.bnRh0OOaSEiy9KELnvxSBM85d.4mLocVWFacO2', N'["USER","ADMIN"]')
INSERT [dbo].[lecturers] ([lecturers_id], [email], [first_name], [last_name], [lecturers_code], [password], [roles]) VALUES ( 5, N'ttphong@edu.vn', N'Phong', N'Trần Nguyên', N'GV005', N'$2a$10$1G/JA6aem6DQGSCELTEps.zfwj.yVrVDgsD.EyrHaWiyT8Fh9WtRm', N'["USER","ADMIN"]')
SET IDENTITY_INSERT [dbo].[lecturers] OFF


INSERT INTO education_program 
    (program_code, vietnamese_name, version, field_code, status, department_id, lecturers_id, created_at, updated_at) 
VALUES 
    ('PRG001', N'Chương trình A', 1, 'F001', 1, 5, 1, CURRENT_TIMESTAMP, CURRENT_TIMESTAMP),
    ('PRG002', N'Chương trình B', 2, 'F002', 2, 12, 2, CURRENT_TIMESTAMP, CURRENT_TIMESTAMP),
    ('PRG003', N'Chương trình C', 1, 'F003', 3, 23, 3, CURRENT_TIMESTAMP, CURRENT_TIMESTAMP),
    ('PRG004', N'Chương trình D', 2, 'F004', 4, 34, 4, CURRENT_TIMESTAMP, CURRENT_TIMESTAMP),
    ('PRG005', N'Chương trình E', 1, 'F005', 1, 45, 5, CURRENT_TIMESTAMP, CURRENT_TIMESTAMP),
    ('PRG006', N'Chương trình F', 3, 'F006', 2, 7, 1, CURRENT_TIMESTAMP, CURRENT_TIMESTAMP),
    ('PRG007', N'Chương trình G', 2, 'F007', 3, 18, 2, CURRENT_TIMESTAMP, CURRENT_TIMESTAMP),
    ('PRG008', N'Chương trình H', 1, 'F008', 4, 29, 3, CURRENT_TIMESTAMP, CURRENT_TIMESTAMP),
    ('PRG009', N'Chương trình I', 3, 'F009', 1, 40, 4, CURRENT_TIMESTAMP, CURRENT_TIMESTAMP),
    ('PRG010', N'Chương trình J', 2, 'F010', 2, 51, 5, CURRENT_TIMESTAMP, CURRENT_TIMESTAMP),
    ('PRG011', N'Chương trình K', 1, 'F011', 1, 2, 1, CURRENT_TIMESTAMP, CURRENT_TIMESTAMP),
    ('PRG012', N'Chương trình L', 2, 'F012', 2, 14, 2, CURRENT_TIMESTAMP, CURRENT_TIMESTAMP),
    ('PRG013', N'Chương trình M', 3, 'F013', 3, 27, 3, CURRENT_TIMESTAMP, CURRENT_TIMESTAMP),
    ('PRG014', N'Chương trình N', 4, 'F014', 4, 35, 4, CURRENT_TIMESTAMP, CURRENT_TIMESTAMP),
    ('PRG015', N'Chương trình O', 1, 'F015', 1, 46, 5, CURRENT_TIMESTAMP, CURRENT_TIMESTAMP),
    ('PRG016', N'Chương trình P', 2, 'F016', 2, 8, 1, CURRENT_TIMESTAMP, CURRENT_TIMESTAMP),
    ('PRG017', N'Chương trình Q', 3, 'F017', 3, 19, 2, CURRENT_TIMESTAMP, CURRENT_TIMESTAMP),
    ('PRG018', N'Chương trình R', 4, 'F018', 4, 31, 3, CURRENT_TIMESTAMP, CURRENT_TIMESTAMP),
    ('PRG019', N'Chương trình S', 1, 'F019', 1, 42, 4, CURRENT_TIMESTAMP, CURRENT_TIMESTAMP),
    ('PRG020', N'Chương trình T', 2, 'F020', 2, 53, 5, CURRENT_TIMESTAMP, CURRENT_TIMESTAMP),
    ('PRG021', N'Chương trình U', 1, 'F021', 1, 4, 1, CURRENT_TIMESTAMP, CURRENT_TIMESTAMP),
    ('PRG022', N'Chương trình V', 2, 'F022', 2, 15, 2, CURRENT_TIMESTAMP, CURRENT_TIMESTAMP),
    ('PRG023', N'Chương trình W', 3, 'F023', 3, 26, 3, CURRENT_TIMESTAMP, CURRENT_TIMESTAMP),
    ('PRG024', N'Chương trình X', 4, 'F024', 4, 37, 4, CURRENT_TIMESTAMP, CURRENT_TIMESTAMP),
    ('PRG025', N'Chương trình Y', 1, 'F025', 1, 49, 5, CURRENT_TIMESTAMP, CURRENT_TIMESTAMP),
    ('PRG026', N'Chương trình Z', 2, 'F026', 2, 6, 1, CURRENT_TIMESTAMP, CURRENT_TIMESTAMP),
    ('PRG027', N'Chương trình AA', 3, 'F027', 3, 17, 2, CURRENT_TIMESTAMP, CURRENT_TIMESTAMP),
    ('PRG028', N'Chương trình AB', 4, 'F028', 4, 28, 3, CURRENT_TIMESTAMP, CURRENT_TIMESTAMP),
    ('PRG029', N'Chương trình AC', 1, 'F029', 1, 39, 4, CURRENT_TIMESTAMP, CURRENT_TIMESTAMP),
    ('PRG030', N'Chương trình AD', 2, 'F030', 2, 50, 5, CURRENT_TIMESTAMP, CURRENT_TIMESTAMP),
    ('PRG031', N'Chương trình AE', 1, 'F031', 1, 3, 1, CURRENT_TIMESTAMP, CURRENT_TIMESTAMP),
    ('PRG032', N'Chương trình AF', 2, 'F032', 2, 16, 2, CURRENT_TIMESTAMP, CURRENT_TIMESTAMP),
    ('PRG033', N'Chương trình AG', 3, 'F033', 3, 25, 3, CURRENT_TIMESTAMP, CURRENT_TIMESTAMP),
    ('PRG034', N'Chương trình AH', 4, 'F034', 4, 38, 4, CURRENT_TIMESTAMP, CURRENT_TIMESTAMP),
    ('PRG035', N'Chương trình AI', 1, 'F035', 1, 48, 5, CURRENT_TIMESTAMP, CURRENT_TIMESTAMP),
    ('PRG036', N'Chương trình AJ', 2, 'F036', 2, 9, 1, CURRENT_TIMESTAMP, CURRENT_TIMESTAMP),
    ('PRG037', N'Chương trình AK', 3, 'F037', 3, 20, 2, CURRENT_TIMESTAMP, CURRENT_TIMESTAMP),
    ('PRG038', N'Chương trình AL', 4, 'F038', 4, 30, 3, CURRENT_TIMESTAMP, CURRENT_TIMESTAMP),
    ('PRG039', N'Chương trình AM', 1, 'F039', 1, 41, 4, CURRENT_TIMESTAMP, CURRENT_TIMESTAMP),
    ('PRG040', N'Chương trình AN', 2, 'F040', 2, 52, 5, CURRENT_TIMESTAMP, CURRENT_TIMESTAMP),
    ('PRG041', N'Chương trình AO', 1, 'F041', 1, 11, 1, CURRENT_TIMESTAMP, CURRENT_TIMESTAMP),
    ('PRG042', N'Chương trình AP', 2, 'F042', 2, 22, 2, CURRENT_TIMESTAMP, CURRENT_TIMESTAMP),
    ('PRG043', N'Chương trình AQ', 3, 'F043', 3, 33, 3, CURRENT_TIMESTAMP, CURRENT_TIMESTAMP),
    ('PRG044', N'Chương trình AR', 4, 'F044', 4, 44, 4, CURRENT_TIMESTAMP, CURRENT_TIMESTAMP),
    ('PRG045', N'Chương trình AS', 1, 'F045', 1, 13, 5, CURRENT_TIMESTAMP, CURRENT_TIMESTAMP),
    ('PRG046', N'Chương trình AT', 2, 'F046', 2, 24, 1, CURRENT_TIMESTAMP, CURRENT_TIMESTAMP),
    ('PRG047', N'Chương trình AU', 3, 'F047', 3, 36, 2, CURRENT_TIMESTAMP, CURRENT_TIMESTAMP),
    ('PRG048', N'Chương trình AV', 4, 'F048', 4, 47, 3, CURRENT_TIMESTAMP, CURRENT_TIMESTAMP),
    ('PRG049', N'Chương trình AW', 1, 'F049', 1, 10, 4, CURRENT_TIMESTAMP, CURRENT_TIMESTAMP),
    ('PRG050', N'Chương trình AX', 2, 'F050', 2, 21, 5, CURRENT_TIMESTAMP, CURRENT_TIMESTAMP);
