--DEPARTMENT
SET IDENTITY_INSERT [dbo].[department] ON;

INSERT INTO [dbo].[department] ([department_id], [department_code], [department_name])
VALUES
    (1, N'100000', N'PHÂN HIỆU ĐẠI HỌC HUẾ TẠI QUẢNG TRỊ'),
    (2, N'110000', N'KHOA GIÁO DỤC THỂ CHẤT'),
    (3, N'120000', N'KHOA DU LỊCH'),
    (4, N'130000', N'TRƯỜNG ĐẠI HỌC LUẬT'),
    (5, N'140000', N'VIỆN TÀI NGUYÊN MÔI TRƯỜNG VÀ CÔNG NGHỆ SINH HỌC'),
    (6, N'150000', N'TRUNG TÂM ĐÀO TẠO TỪ XA'),
    (7, N'160000', N'TRUNG TÂM HỌC LIỆU'),
    (8, N'170000', N'TRUNG TÂM GIÁO DỤC QUỐC PHÒNG'),
    (9, N'180000', N'TRUNG TÂM PHỤC VỤ SINH VIÊN'),
    (10, N'190000', N'TRUNG TÂM ĐÀO TẠO QUỐC TẾ'),
    (11, N'200000', N'CƠ QUAN ĐẠI HỌC HUẾ'),
    (12, N'300000', N'TRƯỜNG ĐẠI HỌC KHOA HỌC'),
    (13, N'300100', N'Ban Giám hiệu'),
    (14, N'DHT26', N'Tổ Quảng bá tuyển sinh'),
    (15, N'300200', N'Phòng Tổ chức - Hành chính'),
    (16, N'300300', N'Phòng Đào tạo Đại học'),
    (17, N'300301', N'Phòng Công tác học sinh - sinh viên'),
    (18, N'300302', N'Phòng Đào tạo đại học và Công tác sinh viên'),
    (19, N'300400', N'Phòng Đào tạo Sau đại học'),
    (20, N'300500', N'Phòng Kế hoạch tài chính - Cơ sở vật chất'),
    (21, N'300600', N'Phòng Khảo thí - Đảm bảo chất lượng Giáo dục'),
    (22, N'300700', N'Phòng Khoa học công nghệ - Hợp tác quốc tế'),
    (23, N'300800', N'Khoa Báo chí - Truyền thông'),
    (24, N'300900', N'Khoa Địa lý - Địa chất'),
    (25, N'301000', N'Khoa Công nghệ thông tin'),
    (26, N'301100', N'Khoa Hóa học'),
    (27, N'301200', N'Khoa Kiến trúc'),
    (28, N'301300', N'Khoa Lịch sử'),
    (29, N'301400', N'Khoa Lý luận chính trị'),
    (30, N'301500', N'Khoa Môi trường'),
    (31, N'301600', N'Khoa Ngữ văn'),
    (32, N'301700', N'Khoa Sinh học'),
    (33, N'301800', N'Khoa Toán học'),
    (34, N'301900', N'Khoa Vật lý'),
    (35, N'301903', N'Khoa Điện tử - Viễn thông'),
    (36, N'301904', N'Khoa Công tác xã hội'),
    (37, N'301905', N'Khoa Điện, Điện tử và Công nghệ vật liệu'),
    (38, N'301906', N'Khoa Xã hội học và Công tác xã hội'),
    (39, N'301907', N'Trường THPT Chuyên Khoa học Huế'),
    (40, N'302000', N'Khoa Xã hội học'),
    (41, N'302100', N'Trung tâm Khoa học xã hội và Nhân văn'),
    (42, N'302200', N'Trung tâm Nghiên cứu quản lý & Phát triển vùng duyên hải'),
    (43, N'302300', N'Trung tâm Thông tin - Thư viện'),
    (44, N'302400', N'Trung tâm Phân tích'),
    (45, N'302500', N'Trung tâm Tin học'),
    (46, N'302600', N'Trung tâm tư vấn Kiến trúc và Ứng dụng địa chất'),
    (47, N'309900', N'Thỉnh giảng'),
    (48, N'309901', N'Thỉnh giảng (cơ sở liên kết)'),
    (49, N'400000', N'TRƯỜNG ĐẠI HỌC SƯ PHẠM'),
    (50, N'500000', N'TRƯỜNG ĐẠI HỌC Y DƯỢC'),
    (51, N'600000', N'TRƯỜNG ĐẠI HỌC NÔNG LÂM'),
    (52, N'700000', N'TRƯỜNG ĐẠI HỌC NGHỆ THUẬT'),
    (53, N'800000', N'TRƯỜNG ĐẠI HỌC KINH TẾ'),
    (54, N'900000', N'TRƯỜNG ĐẠI HỌC NGOẠI NGỮ');

SET IDENTITY_INSERT [dbo].[department] OFF;

SET IDENTITY_INSERT [dbo].[lecturers] ON;

--Lecturers
INSERT INTO [dbo].[lecturers] ([lecturers_id], [email], [first_name], [last_name], [lecturers_code], [password], [roles], [department_id])
VALUES
    (1, N'ttluong@edu.vn', N'Lương', N'Trần Thanh', N'GV001', N'$2a$10$MHG5tCOV1OtKm5ao0EpooOyExcfwlM3H/ksCbAvW7HjjPIVVllb2a', N'["USER","ADMIN"]', 1),
    (2, N'tntruong@edu.vn', N'Trường', N'Thái Nhật', N'GV002', N'$2a$10$AFz2sXaZmU5MhwgIOtIhLuup1GOy6AxBrCKD1jqAZwNhTiV4.E1V.', N'["USER","ADMIN"]', 2),
    (3, N'hha@edu.vn', N'Hà', N'Hoàng', N'GV003', N'$2a$10$FU2yBivjMaFFQ8Yfl/wIyOEbPgFnsVho2OBX0KLTriqs90he.Jlgu', N'["USER","ADMIN"]', 3),
    (4, N'ndung@edu.vn', N'Dũng', N'Nguyễn', N'GV004', N'$2a$10$U4BCvAMdpIZ8QN.bnRh0OOaSEiy9KELnvxSBM85d.4mLocVWFacO2', N'["USER","ADMIN"]', 4),
    (5, N'ttphong@edu.vn', N'Phong', N'Trần Nguyên', N'GV005', N'$2a$10$1G/JA6aem6DQGSCELTEps.zfwj.yVrVDgsD.EyrHaWiyT8Fh9WtRm', N'["USER","ADMIN"]', 5);

SET IDENTITY_INSERT [dbo].[lecturers] OFF;

--Dữ liệu educationProgram để test (update 20240922)
SET IDENTITY_INSERT [dbo].[education_program] ON 

INSERT [dbo].[education_program] ([created_at], [current_step], [duration], [foundation_module], [general_module], [internship_module], [major_field_module], [required_credits], [specialization_module], [status], [support_module], [thesis_module], [updated_at], [department_id], [lecturers_id], [program_id], [admission_target], [diploma], [education_level], [field_code], [version], [field_name], [advanced_skills_development], [employment_position_after_graduation], [english_name], [graduation_conditions], [overall_objectives], [program_code], [reference_program], [responsible_person], [training_mode], [vietnamese_name]) VALUES (CAST(N'2024-08-18' AS Date), NULL, 4, NULL, NULL, NULL, NULL, 123, NULL, 1, NULL, NULL, CAST(N'2024-08-27' AS Date), 1, 1, 1, N'123456', N'', N'Ð?i h?c', N'HUUUUNAB', NULL, N'123', N'', N'', N'123456', N'', N'xyz', NULL, N'ân', N'12345', N'', N'Công nghệ thông tin chất lượng cao')
INSERT [dbo].[education_program] ([created_at], [current_step], [duration], [foundation_module], [general_module], [internship_module], [major_field_module], [required_credits], [specialization_module], [status], [support_module], [thesis_module], [updated_at], [department_id], [lecturers_id], [program_id], [admission_target], [diploma], [education_level], [field_code], [version], [field_name], [advanced_skills_development], [employment_position_after_graduation], [english_name], [graduation_conditions], [overall_objectives], [program_code], [reference_program], [responsible_person], [training_mode], [vietnamese_name]) VALUES (CAST(N'2024-08-18' AS Date), NULL, 4, NULL, NULL, NULL, NULL, 123, NULL, 1, NULL, NULL, CAST(N'2024-08-18' AS Date), 12, 3, 2, NULL, NULL, NULL, N'F002', N'2', NULL, NULL, NULL, NULL, NULL, NULL, N'PRG002', NULL, NULL, NULL, N'Chương trình B')
INSERT [dbo].[education_program] ([created_at], [current_step], [duration], [foundation_module], [general_module], [internship_module], [major_field_module], [required_credits], [specialization_module], [status], [support_module], [thesis_module], [updated_at], [department_id], [lecturers_id], [program_id], [admission_target], [diploma], [education_level], [field_code], [version], [field_name], [advanced_skills_development], [employment_position_after_graduation], [english_name], [graduation_conditions], [overall_objectives], [program_code], [reference_program], [responsible_person], [training_mode], [vietnamese_name]) VALUES (CAST(N'2024-08-18' AS Date), NULL, 4, NULL, NULL, NULL, NULL, 123, NULL, 1, NULL, NULL, CAST(N'2024-08-18' AS Date), 23, 3, 3, NULL, NULL, NULL, N'F003', N'1', NULL, NULL, NULL, NULL, NULL, NULL, N'PRG003', NULL, NULL, NULL, N'Chương trình C')
INSERT [dbo].[education_program] ([created_at], [current_step], [duration], [foundation_module], [general_module], [internship_module], [major_field_module], [required_credits], [specialization_module], [status], [support_module], [thesis_module], [updated_at], [department_id], [lecturers_id], [program_id], [admission_target], [diploma], [education_level], [field_code], [version], [field_name], [advanced_skills_development], [employment_position_after_graduation], [english_name], [graduation_conditions], [overall_objectives], [program_code], [reference_program], [responsible_person], [training_mode], [vietnamese_name]) VALUES (CAST(N'2024-08-18' AS Date), NULL, 4, NULL, NULL, NULL, NULL, 123, NULL, 4, NULL, NULL, CAST(N'2024-08-18' AS Date), 34, 4, 4, NULL, NULL, NULL, N'F004', N'2', NULL, NULL, NULL, NULL, NULL, NULL, N'PRG004', NULL, NULL, NULL, N'Chương trình D')
INSERT [dbo].[education_program] ([created_at], [current_step], [duration], [foundation_module], [general_module], [internship_module], [major_field_module], [required_credits], [specialization_module], [status], [support_module], [thesis_module], [updated_at], [department_id], [lecturers_id], [program_id], [admission_target], [diploma], [education_level], [field_code], [version], [field_name], [advanced_skills_development], [employment_position_after_graduation], [english_name], [graduation_conditions], [overall_objectives], [program_code], [reference_program], [responsible_person], [training_mode], [vietnamese_name]) VALUES (CAST(N'2024-08-18' AS Date), NULL, 4, NULL, NULL, NULL, NULL, 123, NULL, 1, NULL, NULL, CAST(N'2024-08-18' AS Date), 45, 5, 5, NULL, NULL, NULL, N'F005', N'1', NULL, NULL, NULL, NULL, NULL, NULL, N'PRG005', NULL, NULL, NULL, N'Chương trình E')
INSERT [dbo].[education_program] ([created_at], [current_step], [duration], [foundation_module], [general_module], [internship_module], [major_field_module], [required_credits], [specialization_module], [status], [support_module], [thesis_module], [updated_at], [department_id], [lecturers_id], [program_id], [admission_target], [diploma], [education_level], [field_code], [version], [field_name], [advanced_skills_development], [employment_position_after_graduation], [english_name], [graduation_conditions], [overall_objectives], [program_code], [reference_program], [responsible_person], [training_mode], [vietnamese_name]) VALUES (CAST(N'2024-08-18' AS Date), NULL, 4, NULL, NULL, NULL, NULL, 123, NULL, 2, NULL, NULL, CAST(N'2024-08-18' AS Date), 7, 1, 6, NULL, NULL, NULL, N'F006', N'3', NULL, NULL, NULL, NULL, NULL, NULL, N'PRG006', NULL, NULL, NULL, N'Chương trình F')
INSERT [dbo].[education_program] ([created_at], [current_step], [duration], [foundation_module], [general_module], [internship_module], [major_field_module], [required_credits], [specialization_module], [status], [support_module], [thesis_module], [updated_at], [department_id], [lecturers_id], [program_id], [admission_target], [diploma], [education_level], [field_code], [version], [field_name], [advanced_skills_development], [employment_position_after_graduation], [english_name], [graduation_conditions], [overall_objectives], [program_code], [reference_program], [responsible_person], [training_mode], [vietnamese_name]) VALUES (CAST(N'2024-08-18' AS Date), NULL, 4, NULL, NULL, NULL, NULL, 123, NULL, 3, NULL, NULL, CAST(N'2024-08-18' AS Date), 18, 2, 7, NULL, NULL, NULL, N'F007', N'2', NULL, NULL, NULL, NULL, NULL, NULL, N'PRG007', NULL, NULL, NULL, N'Chương trình G')
INSERT [dbo].[education_program] ([created_at], [current_step], [duration], [foundation_module], [general_module], [internship_module], [major_field_module], [required_credits], [specialization_module], [status], [support_module], [thesis_module], [updated_at], [department_id], [lecturers_id], [program_id], [admission_target], [diploma], [education_level], [field_code], [version], [field_name], [advanced_skills_development], [employment_position_after_graduation], [english_name], [graduation_conditions], [overall_objectives], [program_code], [reference_program], [responsible_person], [training_mode], [vietnamese_name]) VALUES (CAST(N'2024-08-18' AS Date), NULL, 4, NULL, NULL, NULL, NULL, 123, NULL, 4, NULL, NULL, CAST(N'2024-08-18' AS Date), 29, 3, 8, NULL, NULL, NULL, N'F008', N'1', NULL, NULL, NULL, NULL, NULL, NULL, N'PRG008', NULL, NULL, NULL, N'Chương trình H')
INSERT [dbo].[education_program] ([created_at], [current_step], [duration], [foundation_module], [general_module], [internship_module], [major_field_module], [required_credits], [specialization_module], [status], [support_module], [thesis_module], [updated_at], [department_id], [lecturers_id], [program_id], [admission_target], [diploma], [education_level], [field_code], [version], [field_name], [advanced_skills_development], [employment_position_after_graduation], [english_name], [graduation_conditions], [overall_objectives], [program_code], [reference_program], [responsible_person], [training_mode], [vietnamese_name]) VALUES (CAST(N'2024-08-18' AS Date), NULL, 4, NULL, NULL, NULL, NULL, 123, NULL, 1, NULL, NULL, CAST(N'2024-08-18' AS Date), 40, 4, 9, NULL, NULL, NULL, N'F009', N'3', NULL, NULL, NULL, NULL, NULL, NULL, N'PRG009', NULL, NULL, NULL, N'Chương trình I')
INSERT [dbo].[education_program] ([created_at], [current_step], [duration], [foundation_module], [general_module], [internship_module], [major_field_module], [required_credits], [specialization_module], [status], [support_module], [thesis_module], [updated_at], [department_id], [lecturers_id], [program_id], [admission_target], [diploma], [education_level], [field_code], [version], [field_name], [advanced_skills_development], [employment_position_after_graduation], [english_name], [graduation_conditions], [overall_objectives], [program_code], [reference_program], [responsible_person], [training_mode], [vietnamese_name]) VALUES (CAST(N'2024-08-18' AS Date), NULL, 4, NULL, NULL, NULL, NULL, 123, NULL, 2, NULL, NULL, CAST(N'2024-08-18' AS Date), 51, 5, 10, NULL, NULL, NULL, N'F010', N'2', NULL, NULL, NULL, NULL, NULL, NULL, N'PRG010', NULL, NULL, NULL, N'Chương trình J')
INSERT [dbo].[education_program] ([created_at], [current_step], [duration], [foundation_module], [general_module], [internship_module], [major_field_module], [required_credits], [specialization_module], [status], [support_module], [thesis_module], [updated_at], [department_id], [lecturers_id], [program_id], [admission_target], [diploma], [education_level], [field_code], [version], [field_name], [advanced_skills_development], [employment_position_after_graduation], [english_name], [graduation_conditions], [overall_objectives], [program_code], [reference_program], [responsible_person], [training_mode], [vietnamese_name]) VALUES (CAST(N'2024-08-18' AS Date), NULL, 4, NULL, NULL, NULL, NULL, 123, NULL, 1, NULL, NULL, CAST(N'2024-08-18' AS Date), 2, 1, 11, NULL, NULL, NULL, N'F011', N'1', NULL, NULL, NULL, NULL, NULL, NULL, N'PRG011', NULL, NULL, NULL, N'Chương trình K')
INSERT [dbo].[education_program] ([created_at], [current_step], [duration], [foundation_module], [general_module], [internship_module], [major_field_module], [required_credits], [specialization_module], [status], [support_module], [thesis_module], [updated_at], [department_id], [lecturers_id], [program_id], [admission_target], [diploma], [education_level], [field_code], [version], [field_name], [advanced_skills_development], [employment_position_after_graduation], [english_name], [graduation_conditions], [overall_objectives], [program_code], [reference_program], [responsible_person], [training_mode], [vietnamese_name]) VALUES (CAST(N'2024-08-18' AS Date), NULL, 4, NULL, NULL, NULL, NULL, 123, NULL, 2, NULL, NULL, CAST(N'2024-08-18' AS Date), 14, 2, 12, NULL, NULL, NULL, N'F012', N'2', NULL, NULL, NULL, NULL, NULL, NULL, N'PRG012', NULL, NULL, NULL, N'Chương trình L')
INSERT [dbo].[education_program] ([created_at], [current_step], [duration], [foundation_module], [general_module], [internship_module], [major_field_module], [required_credits], [specialization_module], [status], [support_module], [thesis_module], [updated_at], [department_id], [lecturers_id], [program_id], [admission_target], [diploma], [education_level], [field_code], [version], [field_name], [advanced_skills_development], [employment_position_after_graduation], [english_name], [graduation_conditions], [overall_objectives], [program_code], [reference_program], [responsible_person], [training_mode], [vietnamese_name]) VALUES (CAST(N'2024-08-18' AS Date), NULL, 4, NULL, NULL, NULL, NULL, 123, NULL, 3, NULL, NULL, CAST(N'2024-08-18' AS Date), 27, 3, 13, NULL, NULL, NULL, N'F013', N'3', NULL, NULL, NULL, NULL, NULL, NULL, N'PRG013', NULL, NULL, NULL, N'Chương trình M')
INSERT [dbo].[education_program] ([created_at], [current_step], [duration], [foundation_module], [general_module], [internship_module], [major_field_module], [required_credits], [specialization_module], [status], [support_module], [thesis_module], [updated_at], [department_id], [lecturers_id], [program_id], [admission_target], [diploma], [education_level], [field_code], [version], [field_name], [advanced_skills_development], [employment_position_after_graduation], [english_name], [graduation_conditions], [overall_objectives], [program_code], [reference_program], [responsible_person], [training_mode], [vietnamese_name]) VALUES (CAST(N'2024-08-18' AS Date), NULL, 4, NULL, NULL, NULL, NULL, 123, NULL, 4, NULL, NULL, CAST(N'2024-08-18' AS Date), 35, 4, 14, NULL, NULL, NULL, N'F014', N'4', NULL, NULL, NULL, NULL, NULL, NULL, N'PRG014', NULL, NULL, NULL, N'Chương trình N')
INSERT [dbo].[education_program] ([created_at], [current_step], [duration], [foundation_module], [general_module], [internship_module], [major_field_module], [required_credits], [specialization_module], [status], [support_module], [thesis_module], [updated_at], [department_id], [lecturers_id], [program_id], [admission_target], [diploma], [education_level], [field_code], [version], [field_name], [advanced_skills_development], [employment_position_after_graduation], [english_name], [graduation_conditions], [overall_objectives], [program_code], [reference_program], [responsible_person], [training_mode], [vietnamese_name]) VALUES (CAST(N'2024-08-18' AS Date), NULL, 4, NULL, NULL, NULL, NULL, 123, NULL, 1, NULL, NULL, CAST(N'2024-08-18' AS Date), 46, 5, 15, NULL, NULL, NULL, N'F015', N'1', NULL, NULL, NULL, NULL, NULL, NULL, N'PRG015', NULL, NULL, NULL, N'Chương trình O')
INSERT [dbo].[education_program] ([created_at], [current_step], [duration], [foundation_module], [general_module], [internship_module], [major_field_module], [required_credits], [specialization_module], [status], [support_module], [thesis_module], [updated_at], [department_id], [lecturers_id], [program_id], [admission_target], [diploma], [education_level], [field_code], [version], [field_name], [advanced_skills_development], [employment_position_after_graduation], [english_name], [graduation_conditions], [overall_objectives], [program_code], [reference_program], [responsible_person], [training_mode], [vietnamese_name]) VALUES (CAST(N'2024-08-18' AS Date), NULL, 4, NULL, NULL, NULL, NULL, 123, NULL, 2, NULL, NULL, CAST(N'2024-08-18' AS Date), 8, 1, 16, NULL, NULL, NULL, N'F016', N'2', NULL, NULL, NULL, NULL, NULL, NULL, N'PRG016', NULL, NULL, NULL, N'Chương trình P')
INSERT [dbo].[education_program] ([created_at], [current_step], [duration], [foundation_module], [general_module], [internship_module], [major_field_module], [required_credits], [specialization_module], [status], [support_module], [thesis_module], [updated_at], [department_id], [lecturers_id], [program_id], [admission_target], [diploma], [education_level], [field_code], [version], [field_name], [advanced_skills_development], [employment_position_after_graduation], [english_name], [graduation_conditions], [overall_objectives], [program_code], [reference_program], [responsible_person], [training_mode], [vietnamese_name]) VALUES (CAST(N'2024-08-18' AS Date), NULL, 4, NULL, NULL, NULL, NULL, 123, NULL, 3, NULL, NULL, CAST(N'2024-08-18' AS Date), 19, 2, 17, NULL, NULL, NULL, N'F017', N'3', NULL, NULL, NULL, NULL, NULL, NULL, N'PRG017', NULL, NULL, NULL, N'Chương trình Q')
INSERT [dbo].[education_program] ([created_at], [current_step], [duration], [foundation_module], [general_module], [internship_module], [major_field_module], [required_credits], [specialization_module], [status], [support_module], [thesis_module], [updated_at], [department_id], [lecturers_id], [program_id], [admission_target], [diploma], [education_level], [field_code], [version], [field_name], [advanced_skills_development], [employment_position_after_graduation], [english_name], [graduation_conditions], [overall_objectives], [program_code], [reference_program], [responsible_person], [training_mode], [vietnamese_name]) VALUES (CAST(N'2024-08-18' AS Date), NULL, 4, NULL, NULL, NULL, NULL, 123, NULL, 4, NULL, NULL, CAST(N'2024-08-18' AS Date), 31, 3, 18, NULL, NULL, NULL, N'F018', N'4', NULL, NULL, NULL, NULL, NULL, NULL, N'PRG018', NULL, NULL, NULL, N'Chương trình R')
INSERT [dbo].[education_program] ([created_at], [current_step], [duration], [foundation_module], [general_module], [internship_module], [major_field_module], [required_credits], [specialization_module], [status], [support_module], [thesis_module], [updated_at], [department_id], [lecturers_id], [program_id], [admission_target], [diploma], [education_level], [field_code], [version], [field_name], [advanced_skills_development], [employment_position_after_graduation], [english_name], [graduation_conditions], [overall_objectives], [program_code], [reference_program], [responsible_person], [training_mode], [vietnamese_name]) VALUES (CAST(N'2024-08-18' AS Date), NULL, 4, NULL, NULL, NULL, NULL, 123, NULL, 1, NULL, NULL, CAST(N'2024-08-18' AS Date), 42, 4, 19, NULL, NULL, NULL, N'F019', N'1', NULL, NULL, NULL, NULL, NULL, NULL, N'PRG019', NULL, NULL, NULL, N'Chương trình S')
INSERT [dbo].[education_program] ([created_at], [current_step], [duration], [foundation_module], [general_module], [internship_module], [major_field_module], [required_credits], [specialization_module], [status], [support_module], [thesis_module], [updated_at], [department_id], [lecturers_id], [program_id], [admission_target], [diploma], [education_level], [field_code], [version], [field_name], [advanced_skills_development], [employment_position_after_graduation], [english_name], [graduation_conditions], [overall_objectives], [program_code], [reference_program], [responsible_person], [training_mode], [vietnamese_name]) VALUES (CAST(N'2024-08-18' AS Date), NULL, 4, NULL, NULL, NULL, NULL, 123, NULL, 2, NULL, NULL, CAST(N'2024-08-18' AS Date), 53, 5, 20, NULL, NULL, NULL, N'F020', N'2', NULL, NULL, NULL, NULL, NULL, NULL, N'PRG020', NULL, NULL, NULL, N'Chương trình T')
INSERT [dbo].[education_program] ([created_at], [current_step], [duration], [foundation_module], [general_module], [internship_module], [major_field_module], [required_credits], [specialization_module], [status], [support_module], [thesis_module], [updated_at], [department_id], [lecturers_id], [program_id], [admission_target], [diploma], [education_level], [field_code], [version], [field_name], [advanced_skills_development], [employment_position_after_graduation], [english_name], [graduation_conditions], [overall_objectives], [program_code], [reference_program], [responsible_person], [training_mode], [vietnamese_name]) VALUES (CAST(N'2024-08-18' AS Date), NULL, 4, NULL, NULL, NULL, NULL, 123, NULL, 1, NULL, NULL, CAST(N'2024-08-18' AS Date), 4, 1, 21, NULL, NULL, NULL, N'F021', N'1', NULL, NULL, NULL, NULL, NULL, NULL, N'PRG021', NULL, NULL, NULL, N'Chương trình U')
INSERT [dbo].[education_program] ([created_at], [current_step], [duration], [foundation_module], [general_module], [internship_module], [major_field_module], [required_credits], [specialization_module], [status], [support_module], [thesis_module], [updated_at], [department_id], [lecturers_id], [program_id], [admission_target], [diploma], [education_level], [field_code], [version], [field_name], [advanced_skills_development], [employment_position_after_graduation], [english_name], [graduation_conditions], [overall_objectives], [program_code], [reference_program], [responsible_person], [training_mode], [vietnamese_name]) VALUES (CAST(N'2024-08-18' AS Date), NULL, 4, NULL, NULL, NULL, NULL, 123, NULL, 2, NULL, NULL, CAST(N'2024-08-18' AS Date), 15, 2, 22, NULL, NULL, NULL, N'F022', N'2', NULL, NULL, NULL, NULL, NULL, NULL, N'PRG022', NULL, NULL, NULL, N'Chương trình V')
INSERT [dbo].[education_program] ([created_at], [current_step], [duration], [foundation_module], [general_module], [internship_module], [major_field_module], [required_credits], [specialization_module], [status], [support_module], [thesis_module], [updated_at], [department_id], [lecturers_id], [program_id], [admission_target], [diploma], [education_level], [field_code], [version], [field_name], [advanced_skills_development], [employment_position_after_graduation], [english_name], [graduation_conditions], [overall_objectives], [program_code], [reference_program], [responsible_person], [training_mode], [vietnamese_name]) VALUES (CAST(N'2024-08-18' AS Date), NULL, 4, NULL, NULL, NULL, NULL, 123, NULL, 3, NULL, NULL, CAST(N'2024-08-18' AS Date), 26, 3, 23, NULL, NULL, NULL, N'F023', N'3', NULL, NULL, NULL, NULL, NULL, NULL, N'PRG023', NULL, NULL, NULL, N'Chương trình W')
INSERT [dbo].[education_program] ([created_at], [current_step], [duration], [foundation_module], [general_module], [internship_module], [major_field_module], [required_credits], [specialization_module], [status], [support_module], [thesis_module], [updated_at], [department_id], [lecturers_id], [program_id], [admission_target], [diploma], [education_level], [field_code], [version], [field_name], [advanced_skills_development], [employment_position_after_graduation], [english_name], [graduation_conditions], [overall_objectives], [program_code], [reference_program], [responsible_person], [training_mode], [vietnamese_name]) VALUES (CAST(N'2024-08-18' AS Date), NULL, 4, NULL, NULL, NULL, NULL, 123, NULL, 4, NULL, NULL, CAST(N'2024-08-18' AS Date), 37, 4, 24, NULL, NULL, NULL, N'F024', N'4', NULL, NULL, NULL, NULL, NULL, NULL, N'PRG024', NULL, NULL, NULL, N'Chương trình X')
INSERT [dbo].[education_program] ([created_at], [current_step], [duration], [foundation_module], [general_module], [internship_module], [major_field_module], [required_credits], [specialization_module], [status], [support_module], [thesis_module], [updated_at], [department_id], [lecturers_id], [program_id], [admission_target], [diploma], [education_level], [field_code], [version], [field_name], [advanced_skills_development], [employment_position_after_graduation], [english_name], [graduation_conditions], [overall_objectives], [program_code], [reference_program], [responsible_person], [training_mode], [vietnamese_name]) VALUES (CAST(N'2024-08-18' AS Date), NULL, 4, NULL, NULL, NULL, NULL, 123, NULL, 1, NULL, NULL, CAST(N'2024-08-18' AS Date), 49, 5, 25, NULL, NULL, NULL, N'F025', N'1', NULL, NULL, NULL, NULL, NULL, NULL, N'PRG025', NULL, NULL, NULL, N'Chương trình Y')
INSERT [dbo].[education_program] ([created_at], [current_step], [duration], [foundation_module], [general_module], [internship_module], [major_field_module], [required_credits], [specialization_module], [status], [support_module], [thesis_module], [updated_at], [department_id], [lecturers_id], [program_id], [admission_target], [diploma], [education_level], [field_code], [version], [field_name], [advanced_skills_development], [employment_position_after_graduation], [english_name], [graduation_conditions], [overall_objectives], [program_code], [reference_program], [responsible_person], [training_mode], [vietnamese_name]) VALUES (CAST(N'2024-08-18' AS Date), NULL, 4, NULL, NULL, NULL, NULL, 123, NULL, 2, NULL, NULL, CAST(N'2024-08-18' AS Date), 6, 1, 26, NULL, NULL, NULL, N'F026', N'2', NULL, NULL, NULL, NULL, NULL, NULL, N'PRG026', NULL, NULL, NULL, N'Chương trình Z')
INSERT [dbo].[education_program] ([created_at], [current_step], [duration], [foundation_module], [general_module], [internship_module], [major_field_module], [required_credits], [specialization_module], [status], [support_module], [thesis_module], [updated_at], [department_id], [lecturers_id], [program_id], [admission_target], [diploma], [education_level], [field_code], [version], [field_name], [advanced_skills_development], [employment_position_after_graduation], [english_name], [graduation_conditions], [overall_objectives], [program_code], [reference_program], [responsible_person], [training_mode], [vietnamese_name]) VALUES (CAST(N'2024-08-18' AS Date), NULL, 4, NULL, NULL, NULL, NULL, 123, NULL, 3, NULL, NULL, CAST(N'2024-08-18' AS Date), 17, 2, 27, NULL, NULL, NULL, N'F027', N'3', NULL, NULL, NULL, NULL, NULL, NULL, N'PRG027', NULL, NULL, NULL, N'Chương trình AA')
INSERT [dbo].[education_program] ([created_at], [current_step], [duration], [foundation_module], [general_module], [internship_module], [major_field_module], [required_credits], [specialization_module], [status], [support_module], [thesis_module], [updated_at], [department_id], [lecturers_id], [program_id], [admission_target], [diploma], [education_level], [field_code], [version], [field_name], [advanced_skills_development], [employment_position_after_graduation], [english_name], [graduation_conditions], [overall_objectives], [program_code], [reference_program], [responsible_person], [training_mode], [vietnamese_name]) VALUES (CAST(N'2024-08-18' AS Date), NULL, 4, NULL, NULL, NULL, NULL, 123, NULL, 4, NULL, NULL, CAST(N'2024-08-18' AS Date), 28, 3, 28, NULL, NULL, NULL, N'F028', N'4', NULL, NULL, NULL, NULL, NULL, NULL, N'PRG028', NULL, NULL, NULL, N'Chương trình AB')
INSERT [dbo].[education_program] ([created_at], [current_step], [duration], [foundation_module], [general_module], [internship_module], [major_field_module], [required_credits], [specialization_module], [status], [support_module], [thesis_module], [updated_at], [department_id], [lecturers_id], [program_id], [admission_target], [diploma], [education_level], [field_code], [version], [field_name], [advanced_skills_development], [employment_position_after_graduation], [english_name], [graduation_conditions], [overall_objectives], [program_code], [reference_program], [responsible_person], [training_mode], [vietnamese_name]) VALUES (CAST(N'2024-08-18' AS Date), NULL, 4, NULL, NULL, NULL, NULL, 123, NULL, 1, NULL, NULL, CAST(N'2024-08-18' AS Date), 39, 4, 29, NULL, NULL, NULL, N'F029', N'1', NULL, NULL, NULL, NULL, NULL, NULL, N'PRG029', NULL, NULL, NULL, N'Chương trình AC')
INSERT [dbo].[education_program] ([created_at], [current_step], [duration], [foundation_module], [general_module], [internship_module], [major_field_module], [required_credits], [specialization_module], [status], [support_module], [thesis_module], [updated_at], [department_id], [lecturers_id], [program_id], [admission_target], [diploma], [education_level], [field_code], [version], [field_name], [advanced_skills_development], [employment_position_after_graduation], [english_name], [graduation_conditions], [overall_objectives], [program_code], [reference_program], [responsible_person], [training_mode], [vietnamese_name]) VALUES (CAST(N'2024-08-18' AS Date), NULL, 4, NULL, NULL, NULL, NULL, 123, NULL, 2, NULL, NULL, CAST(N'2024-08-18' AS Date), 50, 5, 30, NULL, NULL, NULL, N'F030', N'2', NULL, NULL, NULL, NULL, NULL, NULL, N'PRG030', NULL, NULL, NULL, N'Chương trình AD')
INSERT [dbo].[education_program] ([created_at], [current_step], [duration], [foundation_module], [general_module], [internship_module], [major_field_module], [required_credits], [specialization_module], [status], [support_module], [thesis_module], [updated_at], [department_id], [lecturers_id], [program_id], [admission_target], [diploma], [education_level], [field_code], [version], [field_name], [advanced_skills_development], [employment_position_after_graduation], [english_name], [graduation_conditions], [overall_objectives], [program_code], [reference_program], [responsible_person], [training_mode], [vietnamese_name]) VALUES (CAST(N'2024-08-18' AS Date), NULL, 4, NULL, NULL, NULL, NULL, 123, NULL, 1, NULL, NULL, CAST(N'2024-08-18' AS Date), 3, 1, 31, NULL, NULL, NULL, N'F031', N'1', NULL, NULL, NULL, NULL, NULL, NULL, N'PRG031', NULL, NULL, NULL, N'Chương trình AE')
INSERT [dbo].[education_program] ([created_at], [current_step], [duration], [foundation_module], [general_module], [internship_module], [major_field_module], [required_credits], [specialization_module], [status], [support_module], [thesis_module], [updated_at], [department_id], [lecturers_id], [program_id], [admission_target], [diploma], [education_level], [field_code], [version], [field_name], [advanced_skills_development], [employment_position_after_graduation], [english_name], [graduation_conditions], [overall_objectives], [program_code], [reference_program], [responsible_person], [training_mode], [vietnamese_name]) VALUES (CAST(N'2024-08-18' AS Date), NULL, 4, NULL, NULL, NULL, NULL, 123, NULL, 2, NULL, NULL, CAST(N'2024-08-18' AS Date), 16, 2, 32, NULL, NULL, NULL, N'F032', N'2', NULL, NULL, NULL, NULL, NULL, NULL, N'PRG032', NULL, NULL, NULL, N'Chương trình AF')
INSERT [dbo].[education_program] ([created_at], [current_step], [duration], [foundation_module], [general_module], [internship_module], [major_field_module], [required_credits], [specialization_module], [status], [support_module], [thesis_module], [updated_at], [department_id], [lecturers_id], [program_id], [admission_target], [diploma], [education_level], [field_code], [version], [field_name], [advanced_skills_development], [employment_position_after_graduation], [english_name], [graduation_conditions], [overall_objectives], [program_code], [reference_program], [responsible_person], [training_mode], [vietnamese_name]) VALUES (CAST(N'2024-08-18' AS Date), NULL, 4, NULL, NULL, NULL, NULL, 123, NULL, 3, NULL, NULL, CAST(N'2024-08-18' AS Date), 25, 3, 33, NULL, NULL, NULL, N'F033', N'3', NULL, NULL, NULL, NULL, NULL, NULL, N'PRG033', NULL, NULL, NULL, N'Chương trình AG')
INSERT [dbo].[education_program] ([created_at], [current_step], [duration], [foundation_module], [general_module], [internship_module], [major_field_module], [required_credits], [specialization_module], [status], [support_module], [thesis_module], [updated_at], [department_id], [lecturers_id], [program_id], [admission_target], [diploma], [education_level], [field_code], [version], [field_name], [advanced_skills_development], [employment_position_after_graduation], [english_name], [graduation_conditions], [overall_objectives], [program_code], [reference_program], [responsible_person], [training_mode], [vietnamese_name]) VALUES (CAST(N'2024-08-18' AS Date), NULL, 4, NULL, NULL, NULL, NULL, 123, NULL, 4, NULL, NULL, CAST(N'2024-08-18' AS Date), 38, 4, 34, NULL, NULL, NULL, N'F034', N'4', NULL, NULL, NULL, NULL, NULL, NULL, N'PRG034', NULL, NULL, NULL, N'Chương trình AH')
INSERT [dbo].[education_program] ([created_at], [current_step], [duration], [foundation_module], [general_module], [internship_module], [major_field_module], [required_credits], [specialization_module], [status], [support_module], [thesis_module], [updated_at], [department_id], [lecturers_id], [program_id], [admission_target], [diploma], [education_level], [field_code], [version], [field_name], [advanced_skills_development], [employment_position_after_graduation], [english_name], [graduation_conditions], [overall_objectives], [program_code], [reference_program], [responsible_person], [training_mode], [vietnamese_name]) VALUES (CAST(N'2024-08-18' AS Date), NULL, 4, NULL, NULL, NULL, NULL, 123, NULL, 1, NULL, NULL, CAST(N'2024-08-18' AS Date), 48, 5, 35, NULL, NULL, NULL, N'F035', N'1', NULL, NULL, NULL, NULL, NULL, NULL, N'PRG035', NULL, NULL, NULL, N'Chương trình AI')
INSERT [dbo].[education_program] ([created_at], [current_step], [duration], [foundation_module], [general_module], [internship_module], [major_field_module], [required_credits], [specialization_module], [status], [support_module], [thesis_module], [updated_at], [department_id], [lecturers_id], [program_id], [admission_target], [diploma], [education_level], [field_code], [version], [field_name], [advanced_skills_development], [employment_position_after_graduation], [english_name], [graduation_conditions], [overall_objectives], [program_code], [reference_program], [responsible_person], [training_mode], [vietnamese_name]) VALUES (CAST(N'2024-08-18' AS Date), NULL, 4, NULL, NULL, NULL, NULL, 123, NULL, 2, NULL, NULL, CAST(N'2024-08-18' AS Date), 9, 1, 36, NULL, NULL, NULL, N'F036', N'2', NULL, NULL, NULL, NULL, NULL, NULL, N'PRG036', NULL, NULL, NULL, N'Chương trình AJ')
INSERT [dbo].[education_program] ([created_at], [current_step], [duration], [foundation_module], [general_module], [internship_module], [major_field_module], [required_credits], [specialization_module], [status], [support_module], [thesis_module], [updated_at], [department_id], [lecturers_id], [program_id], [admission_target], [diploma], [education_level], [field_code], [version], [field_name], [advanced_skills_development], [employment_position_after_graduation], [english_name], [graduation_conditions], [overall_objectives], [program_code], [reference_program], [responsible_person], [training_mode], [vietnamese_name]) VALUES (CAST(N'2024-08-18' AS Date), NULL, 4, NULL, NULL, NULL, NULL, 123, NULL, 3, NULL, NULL, CAST(N'2024-08-18' AS Date), 20, 2, 37, NULL, NULL, NULL, N'F037', N'3', NULL, NULL, NULL, NULL, NULL, NULL, N'PRG037', NULL, NULL, NULL, N'Chương trình AK')
INSERT [dbo].[education_program] ([created_at], [current_step], [duration], [foundation_module], [general_module], [internship_module], [major_field_module], [required_credits], [specialization_module], [status], [support_module], [thesis_module], [updated_at], [department_id], [lecturers_id], [program_id], [admission_target], [diploma], [education_level], [field_code], [version], [field_name], [advanced_skills_development], [employment_position_after_graduation], [english_name], [graduation_conditions], [overall_objectives], [program_code], [reference_program], [responsible_person], [training_mode], [vietnamese_name]) VALUES (CAST(N'2024-08-18' AS Date), NULL, 4, NULL, NULL, NULL, NULL, 123, NULL, 4, NULL, NULL, CAST(N'2024-08-18' AS Date), 30, 3, 38, NULL, NULL, NULL, N'F038', N'4', NULL, NULL, NULL, NULL, NULL, NULL, N'PRG038', NULL, NULL, NULL, N'Chương trình AL')
INSERT [dbo].[education_program] ([created_at], [current_step], [duration], [foundation_module], [general_module], [internship_module], [major_field_module], [required_credits], [specialization_module], [status], [support_module], [thesis_module], [updated_at], [department_id], [lecturers_id], [program_id], [admission_target], [diploma], [education_level], [field_code], [version], [field_name], [advanced_skills_development], [employment_position_after_graduation], [english_name], [graduation_conditions], [overall_objectives], [program_code], [reference_program], [responsible_person], [training_mode], [vietnamese_name]) VALUES (CAST(N'2024-08-18' AS Date), NULL, 4, NULL, NULL, NULL, NULL, 123, NULL, 1, NULL, NULL, CAST(N'2024-08-18' AS Date), 41, 4, 39, NULL, NULL, NULL, N'F039', N'1', NULL, NULL, NULL, NULL, NULL, NULL, N'PRG039', NULL, NULL, NULL, N'Chương trình AM')
INSERT [dbo].[education_program] ([created_at], [current_step], [duration], [foundation_module], [general_module], [internship_module], [major_field_module], [required_credits], [specialization_module], [status], [support_module], [thesis_module], [updated_at], [department_id], [lecturers_id], [program_id], [admission_target], [diploma], [education_level], [field_code], [version], [field_name], [advanced_skills_development], [employment_position_after_graduation], [english_name], [graduation_conditions], [overall_objectives], [program_code], [reference_program], [responsible_person], [training_mode], [vietnamese_name]) VALUES (CAST(N'2024-08-18' AS Date), NULL, 4, NULL, NULL, NULL, NULL, 123, NULL, 2, NULL, NULL, CAST(N'2024-08-18' AS Date), 52, 5, 40, NULL, NULL, NULL, N'F040', N'2', NULL, NULL, NULL, NULL, NULL, NULL, N'PRG040', NULL, NULL, NULL, N'Chương trình AN')
INSERT [dbo].[education_program] ([created_at], [current_step], [duration], [foundation_module], [general_module], [internship_module], [major_field_module], [required_credits], [specialization_module], [status], [support_module], [thesis_module], [updated_at], [department_id], [lecturers_id], [program_id], [admission_target], [diploma], [education_level], [field_code], [version], [field_name], [advanced_skills_development], [employment_position_after_graduation], [english_name], [graduation_conditions], [overall_objectives], [program_code], [reference_program], [responsible_person], [training_mode], [vietnamese_name]) VALUES (CAST(N'2024-08-18' AS Date), NULL, 4, NULL, NULL, NULL, NULL, 123, NULL, 1, NULL, NULL, CAST(N'2024-08-18' AS Date), 11, 1, 41, NULL, NULL, NULL, N'F041', N'1', NULL, NULL, NULL, NULL, NULL, NULL, N'PRG041', NULL, NULL, NULL, N'Chương trình AO')
INSERT [dbo].[education_program] ([created_at], [current_step], [duration], [foundation_module], [general_module], [internship_module], [major_field_module], [required_credits], [specialization_module], [status], [support_module], [thesis_module], [updated_at], [department_id], [lecturers_id], [program_id], [admission_target], [diploma], [education_level], [field_code], [version], [field_name], [advanced_skills_development], [employment_position_after_graduation], [english_name], [graduation_conditions], [overall_objectives], [program_code], [reference_program], [responsible_person], [training_mode], [vietnamese_name]) VALUES (CAST(N'2024-08-18' AS Date), NULL, 4, NULL, NULL, NULL, NULL, 123, NULL, 2, NULL, NULL, CAST(N'2024-08-18' AS Date), 22, 2, 42, NULL, NULL, NULL, N'F042', N'2', NULL, NULL, NULL, NULL, NULL, NULL, N'PRG042', NULL, NULL, NULL, N'Chương trình AP')
INSERT [dbo].[education_program] ([created_at], [current_step], [duration], [foundation_module], [general_module], [internship_module], [major_field_module], [required_credits], [specialization_module], [status], [support_module], [thesis_module], [updated_at], [department_id], [lecturers_id], [program_id], [admission_target], [diploma], [education_level], [field_code], [version], [field_name], [advanced_skills_development], [employment_position_after_graduation], [english_name], [graduation_conditions], [overall_objectives], [program_code], [reference_program], [responsible_person], [training_mode], [vietnamese_name]) VALUES (CAST(N'2024-08-18' AS Date), NULL, 4, NULL, NULL, NULL, NULL, 123, NULL, 3, NULL, NULL, CAST(N'2024-08-18' AS Date), 33, 3, 43, NULL, NULL, NULL, N'F043', N'3', NULL, NULL, NULL, NULL, NULL, NULL, N'PRG043', NULL, NULL, NULL, N'Chương trình AQ')
INSERT [dbo].[education_program] ([created_at], [current_step], [duration], [foundation_module], [general_module], [internship_module], [major_field_module], [required_credits], [specialization_module], [status], [support_module], [thesis_module], [updated_at], [department_id], [lecturers_id], [program_id], [admission_target], [diploma], [education_level], [field_code], [version], [field_name], [advanced_skills_development], [employment_position_after_graduation], [english_name], [graduation_conditions], [overall_objectives], [program_code], [reference_program], [responsible_person], [training_mode], [vietnamese_name]) VALUES (CAST(N'2024-08-18' AS Date), NULL, 4, NULL, NULL, NULL, NULL, 123, NULL, 4, NULL, NULL, CAST(N'2024-08-18' AS Date), 44, 4, 44, NULL, NULL, NULL, N'F044', N'4', NULL, NULL, NULL, NULL, NULL, NULL, N'PRG044', NULL, NULL, NULL, N'Chương trình AR')
INSERT [dbo].[education_program] ([created_at], [current_step], [duration], [foundation_module], [general_module], [internship_module], [major_field_module], [required_credits], [specialization_module], [status], [support_module], [thesis_module], [updated_at], [department_id], [lecturers_id], [program_id], [admission_target], [diploma], [education_level], [field_code], [version], [field_name], [advanced_skills_development], [employment_position_after_graduation], [english_name], [graduation_conditions], [overall_objectives], [program_code], [reference_program], [responsible_person], [training_mode], [vietnamese_name]) VALUES (CAST(N'2024-08-18' AS Date), NULL, 4, NULL, NULL, NULL, NULL, 123, NULL, 1, NULL, NULL, CAST(N'2024-08-18' AS Date), 13, 5, 45, NULL, NULL, NULL, N'F045', N'1', NULL, NULL, NULL, NULL, NULL, NULL, N'PRG045', NULL, NULL, NULL, N'Chương trình AS')
INSERT [dbo].[education_program] ([created_at], [current_step], [duration], [foundation_module], [general_module], [internship_module], [major_field_module], [required_credits], [specialization_module], [status], [support_module], [thesis_module], [updated_at], [department_id], [lecturers_id], [program_id], [admission_target], [diploma], [education_level], [field_code], [version], [field_name], [advanced_skills_development], [employment_position_after_graduation], [english_name], [graduation_conditions], [overall_objectives], [program_code], [reference_program], [responsible_person], [training_mode], [vietnamese_name]) VALUES (CAST(N'2024-08-18' AS Date), NULL, 4, NULL, NULL, NULL, NULL, 123, NULL, 2, NULL, NULL, CAST(N'2024-08-18' AS Date), 24, 1, 46, NULL, NULL, NULL, N'F046', N'2', NULL, NULL, NULL, NULL, NULL, NULL, N'PRG046', NULL, NULL, NULL, N'Chương trình AT')
INSERT [dbo].[education_program] ([created_at], [current_step], [duration], [foundation_module], [general_module], [internship_module], [major_field_module], [required_credits], [specialization_module], [status], [support_module], [thesis_module], [updated_at], [department_id], [lecturers_id], [program_id], [admission_target], [diploma], [education_level], [field_code], [version], [field_name], [advanced_skills_development], [employment_position_after_graduation], [english_name], [graduation_conditions], [overall_objectives], [program_code], [reference_program], [responsible_person], [training_mode], [vietnamese_name]) VALUES (CAST(N'2024-08-18' AS Date), NULL, 4, NULL, NULL, NULL, NULL, 123, NULL, 3, NULL, NULL, CAST(N'2024-08-18' AS Date), 36, 2, 47, NULL, NULL, NULL, N'F047', N'3', NULL, NULL, NULL, NULL, NULL, NULL, N'PRG047', NULL, NULL, NULL, N'Chương trình AU')
INSERT [dbo].[education_program] ([created_at], [current_step], [duration], [foundation_module], [general_module], [internship_module], [major_field_module], [required_credits], [specialization_module], [status], [support_module], [thesis_module], [updated_at], [department_id], [lecturers_id], [program_id], [admission_target], [diploma], [education_level], [field_code], [version], [field_name], [advanced_skills_development], [employment_position_after_graduation], [english_name], [graduation_conditions], [overall_objectives], [program_code], [reference_program], [responsible_person], [training_mode], [vietnamese_name]) VALUES (CAST(N'2024-08-18' AS Date), NULL, 4, NULL, NULL, NULL, NULL, 123, NULL, 4, NULL, NULL, CAST(N'2024-08-18' AS Date), 47, 3, 48, NULL, NULL, NULL, N'F048', N'4', NULL, NULL, NULL, NULL, NULL, NULL, N'PRG048', NULL, NULL, NULL, N'Chương trình AV')
INSERT [dbo].[education_program] ([created_at], [current_step], [duration], [foundation_module], [general_module], [internship_module], [major_field_module], [required_credits], [specialization_module], [status], [support_module], [thesis_module], [updated_at], [department_id], [lecturers_id], [program_id], [admission_target], [diploma], [education_level], [field_code], [version], [field_name], [advanced_skills_development], [employment_position_after_graduation], [english_name], [graduation_conditions], [overall_objectives], [program_code], [reference_program], [responsible_person], [training_mode], [vietnamese_name]) VALUES (CAST(N'2024-08-18' AS Date), NULL, 4, NULL, NULL, NULL, NULL, 123, NULL, 1, NULL, NULL, CAST(N'2024-08-18' AS Date), 10, 4, 49, NULL, NULL, NULL, N'F049', N'1', NULL, NULL, NULL, NULL, NULL, NULL, N'PRG049', NULL, NULL, NULL, N'Chương trình AW')
INSERT [dbo].[education_program] ([created_at], [current_step], [duration], [foundation_module], [general_module], [internship_module], [major_field_module], [required_credits], [specialization_module], [status], [support_module], [thesis_module], [updated_at], [department_id], [lecturers_id], [program_id], [admission_target], [diploma], [education_level], [field_code], [version], [field_name], [advanced_skills_development], [employment_position_after_graduation], [english_name], [graduation_conditions], [overall_objectives], [program_code], [reference_program], [responsible_person], [training_mode], [vietnamese_name]) VALUES (CAST(N'2024-08-18' AS Date), NULL, 4, NULL, NULL, NULL, NULL, 123, NULL, 2, NULL, NULL, CAST(N'2024-08-18' AS Date), 21, 5, 50, NULL, NULL, NULL, N'F050', N'2', NULL, NULL, NULL, NULL, NULL, NULL, N'PRG050', NULL, NULL, NULL, N'Chương trình AX')
INSERT [dbo].[education_program] ([created_at], [current_step], [duration], [foundation_module], [general_module], [internship_module], [major_field_module], [required_credits], [specialization_module], [status], [support_module], [thesis_module], [updated_at], [department_id], [lecturers_id], [program_id], [admission_target], [diploma], [education_level], [field_code], [version], [field_name], [advanced_skills_development], [employment_position_after_graduation], [english_name], [graduation_conditions], [overall_objectives], [program_code], [reference_program], [responsible_person], [training_mode], [vietnamese_name]) VALUES (CAST(N'2024-08-18' AS Date), NULL, 4, NULL, NULL, NULL, NULL, 123, NULL, 1, NULL, NULL, CAST(N'2024-08-18' AS Date), 14, 1, 51, NULL, NULL, NULL, N'F0051', N'1', NULL, NULL, NULL, NULL, NULL, NULL, N'PRG0051', NULL, NULL, NULL, N'Chương trình Kien Truc')
INSERT [dbo].[education_program] ([created_at], [current_step], [duration], [foundation_module], [general_module], [internship_module], [major_field_module], [required_credits], [specialization_module], [status], [support_module], [thesis_module], [updated_at], [department_id], [lecturers_id], [program_id], [admission_target], [diploma], [education_level], [field_code], [version], [field_name], [advanced_skills_development], [employment_position_after_graduation], [english_name], [graduation_conditions], [overall_objectives], [program_code], [reference_program], [responsible_person], [training_mode], [vietnamese_name]) VALUES (CAST(N'2024-08-18' AS Date), NULL, 4, NULL, NULL, NULL, NULL, 123, NULL, 1, NULL, NULL, CAST(N'2024-08-18' AS Date), 2, 1, 52, NULL, NULL, NULL, N'F0052', N'1', NULL, NULL, NULL, NULL, NULL, NULL, N'PRG0052', NULL, NULL, NULL, N'Chương trình anh')
INSERT [dbo].[education_program] ([created_at], [current_step], [duration], [foundation_module], [general_module], [internship_module], [major_field_module], [required_credits], [specialization_module], [status], [support_module], [thesis_module], [updated_at], [department_id], [lecturers_id], [program_id], [admission_target], [diploma], [education_level], [field_code], [version], [field_name], [advanced_skills_development], [employment_position_after_graduation], [english_name], [graduation_conditions], [overall_objectives], [program_code], [reference_program], [responsible_person], [training_mode], [vietnamese_name]) VALUES (CAST(N'2024-08-18' AS Date), NULL, 4, NULL, NULL, NULL, NULL, 123, NULL, 1, NULL, NULL, CAST(N'2024-08-18' AS Date), 2, 2, 53, NULL, NULL, NULL, N'F0053', N'1', NULL, NULL, NULL, NULL, NULL, NULL, N'PRG0053', NULL, NULL, NULL, N'Chương trình viet')
SET IDENTITY_INSERT [dbo].[education_program] OFF
GO
